<?xml version="1.0" encoding="UTF-8"?>
<students>
<student>
<name>
<firstname> Phil  </firstname>
<lastname> Jones </lastname>
</name>
<address>
<street> 123 School Road</street>
<city> New York </city>
<email> james@guru99.com </email>
<phone> 4940001 </phone>
</address>
</student>
<student>
<name>
<firstname> Janet </firstname>
<lastname> Baker </lastname>
</name>
<address>
<street> 124 School Road</street>
<city> New York </city>
<email> Janet@guru99.com </email>
<phone> 4940001 </phone>
</address>
</student>
<student>
<name>
<firstname> Darren	 </firstname>
<lastname> Kirk </lastname>
</name>
<address>
<street> 125 School Road</street>
<city> New York </city>
<email> Darren@guru99.com </email>
<phone> 4940001 </phone>
</address>
</student>
<student>
<name>
<firstname> James </firstname>
<lastname> Smith </lastname>
</name>
<address>
<street> 101 South Street</street>
<city> New York </city>
<email> james@guru99.com </email>
<phone> 4940001 </phone>
</address>
</student>
<student>
<name>
<firstname> Tom </firstname>
<lastname> White </lastname>
</name>
<address>
<street> 202 Victoria Road </street>
<city> New York </city>
<email> tom@guru99.com</email>
<phone> 4940002 </phone>
</address>
</student>
</students>